0.000000000000000000e+00,0.000000000000000000e+00,0.000000000000000000e+00,0.000000000000000000e+00,0.000000000000000000e+00,0.000000000000000000e+00
-1.796883980082065798e-08,9.646400059881024905e-04,-1.077630417143786738e-03,1.129843849361966750e-04,-1.796883980082069769e-08,6.026219487150909869e-09
-6.828149449075073397e-07,4.501645185407394598e-03,-5.028915178187608886e-03,5.270409975112670502e-04,-6.828149449075064927e-07,2.289952689463188004e-07
-4.376642892907372083e-06,1.061089332223900429e-02,-1.185345723132337839e-02,1.241096149406866129e-03,-4.376642892906874875e-06,1.467759677501689252e-06
-1.545245723736224768e-05,1.929178899049387164e-02,-2.154932882425267954e-02,2.252358038834163627e-03,-1.545245723733854092e-05,5.181794924328772340e-06
-4.023198043734379419e-05,3.054260012767095328e-02,-3.411093148684271603e-02,3.554842299374526369e-03,-4.023198043687429399e-05,1.348905979067016081e-05
-8.699944746234350283e-05,4.435949365948909512e-02,-4.952588606377748143e-02,5.137232435917312920e-03,-8.699944745713651347e-05,2.915996829793409946e-05
-1.659880218112371397e-04,6.073528501187665241e-02,-6.777099751487498935e-02,6.980108252537631924e-03,-1.659880217726593561e-04,5.560424991867634177e-05
-2.893546642476469257e-04,7.965793302640718221e-02,-8.880738967476461965e-02,9.052609994718545036e-03,-2.893546640335270797e-04,9.684665063044150537e-05
-4.711389081371474192e-04,1.011088369256175762e-01,-1.125749815454801933e-01,1.130865766859365934e-02,-4.711389071801841237e-04,1.574869378217223282e-04
-7.272013689167403832e-04,1.250610248449577078e-01,-1.389865774160274348e-01,1.368291275961674644e-02,-7.272013653039190780e-04,2.426397606709143379e-04
-1.075139297243755997e-03,1.514773604270596707e-01,-1.679219582287340140e-01,1.608674676923143101e-02,-1.075139285332047398e-03,3.578508649277558793e-04
-1.534179363309061753e-03,1.803089276807628427e-01,-1.992224704011971159e-01,1.840455402298888515e-02,-1.534179328174750060e-03,5.089882029823271673e-04
-2.125052178289460556e-03,2.114937737982629795e-01,-2.326866795768341711e-01,2.049079476855384524e-02,-2.125052083902027357e-03,7.021096802898941017e-04
-2.869858430821465613e-03,2.449561824286173306e-01,-2.680676544200645828e-01,2.216815530191383957e-02,-2.869858196672649391e-03,9.433133863713445179e-04
-3.791942016425771736e-03,2.806066062330032640e-01,-3.050723402659015759e-01,2.322714585134760812e-02,-3.791941474244048607e-03,1.238580519638197248e-03
-4.915789800528484049e-03,3.183423057137180767e-01,-3.433632668955302614e-01,2.342731960907931676e-02,-4.915788618516632805e-03,1.593624832693386114e-03
-6.266979244614360664e-03,3.580486319120308458e-01,-3.825625357241622670e-01,2.250010490588958204e-02,-6.266976801253627306e-03,2.013764210463925286e-03
-7.872193093187240462e-03,3.996007763054669759e-01,-4.222577102159432716e-01,2.015303611880740059e-02,-7.872188275967991963e-03,2.503829167548511907e-03
-9.759314714905013496e-03,4.428657207751530156e-01,-4.620089680907398799e-01,1.607499762197399026e-02,-9.759305611248367263e-03,3.068119511952100732e-03
-1.195760971316131224e-02,4.877040782623951465e-01,-5.013567331016501871e-01,9.942002067540091706e-03,-1.195759315105164589e-02,3.710414873811103322e-03
-1.449799108479781461e-02,5.339715313913113715e-01,-5.398290191094505808e-01,1.423028798549400877e-03,-1.449796196881360071e-02,4.434038522553863416e-03
-1.741335866959845685e-02,5.815196453461539683e-01,-5.769478734981847712e-01,-9.814460939474030365e-03,-1.741330904339195504e-02,5.241968269039954005e-03
-2.073900054683080682e-02,6.301959328704430652e-01,-6.122345469116490246e-01,-2.409957304933935812e-02,-2.073891829460262903e-02,6.136984239706332750e-03
-2.451304522939583980e-02,6.798431592284210900e-01,-6.452132746753760362e-01,-4.175368457652836596e-02,-2.451291230504265214e-02,7.121841211290647587e-03
-2.877695912456124452e-02,7.302979734894173847e-01,-6.754137757560131350e-01,-6.308677101014771582e-02,-2.877674916586788617e-02,8.199452666092668304e-03
-3.357609364536048163e-02,7.813890288140138418e-01,-7.023727261521435228e-01,-8.839425109690124405e-02,-3.357576878893733102e-02,9.373074052306895262e-03
-3.896030062265797012e-02,8.329348069398716525e-01,-7.256345397180777868e-01,-1.179542205140002020e-01,-3.895980727905637431e-02,1.064647313005668942e-02
-4.498465381886459363e-02,8.847413953145203402e-01,-7.447518039320998318e-01,-1.520249647941418203e-01,-4.498391709013226797e-02,1.202407513357577756e-02
-5.171033947710717421e-02,9.366004862256236407e-01,-7.592856937358334335e-01,-1.908426867712785524e-01,-5.170925579138602873e-02,1.351106942744502958e-02
-5.920581151632636763e-02,9.882878824204915924e-01,-7.688066482107824839e-01,-2.346194361608814893e-01,-5.920423890118083066e-02,1.511346226783152717e-02
-6.754834902268704033e-02,1.039562808267617378e+00,-7.728955665231667105e-01,-2.835412700562576771e-01,-6.754609421779658729e-02,1.683805723252992589e-02
-7.682620688047542279e-02,1.090168343792723427e+00,-7.711457848686275041e-01,-3.377666840507502211e-01,-7.682300816564015256e-02,1.869234088269410704e-02
-8.714161601732980933e-02,1.139833326022158699e+00,-7.631661612824519603e-01,-3.974253134544387667e-01,-8.713712014864530286e-02,2.068424607663871609e-02
-9.861496744478116805e-02,1.188276106171159086e+00,-7.485857529705693958e-01,-4.626167879238094471e-01,-9.860869836678234912e-02,2.282175841079264744e-02
-1.113905987380961887e-01,1.235210625480855917e+00,-7.270608638483297970e-01,-5.334094007811543969e-01,-1.113819146482032674e-01,2.511232109842460522e-02
-1.256446730675158385e-01,1.280355394275199510e+00,-6.982857184567867748e-01,-6.098378924086896857e-01,-1.256327067748995996e-01,2.756197786712673639e-02
-1.415956392117778129e-01,1.323446140294034290e+00,-6.620087210212600715e-01,-6.918991175636334257e-01,-1.415792143334857756e-01,3.017416921404803345e-02
-1.595175177602642658e-01,1.364253108448487239e+00,-6.180571455457949392e-01,-7.795436833367984653e-01,-1.594950299413862849e-01,3.294806298083147178e-02
-1.797553285728499817e-01,1.402604094091375764e+00,-5.663738699481759564e-01,-8.726609655282125955e-01,-1.797245767554350449e-01,3.587626184334317264e-02
-2.027392457770767764e-01,1.438413788494929735e+00,-5.070693906391671169e-01,-9.710547892545978721e-01,-2.026971950808359457e-01,3.894172022632590158e-02
-2.289870023945093924e-01,1.471717665348921678e+00,-4.404881733997614845e-01,-1.074408956112766766e+00,-2.289294631497115207e-01,4.211382644091983540e-02
-2.590679170547837695e-01,1.502701932354397085e+00,-3.672749604911509369e-01,-1.182248750807107118e+00,-2.589891507827268291e-01,4.534413875421735435e-02
-2.934724088660494723e-01,1.531707067956138868e+00,-2.883972596264175459e-01,-1.293920446597464746e+00,-2.933647601987775522e-01,4.856376354668642814e-02
-3.323044827440321813e-01,1.559165623714597881e+00,-2.050427998802446528e-01,-1.408632133604277525e+00,-3.321583382512527383e-01,5.168731063334799924e-02
-3.747851939994479298e-01,1.585449932325470046e+00,-1.183343476311176368e-01,-1.525590505400713726e+00,-3.745898251223274689e-01,5.463067816773048424e-02
-4.188813411133103237e-01,1.610717394936743041e+00,-2.902308968642315287e-02,-1.644158600304804319e+00,-4.186270273456286772e-01,5.734239405932744366e-02
-4.617146719082199091e-01,1.634979446104729561e+00,6.239510468621175393e-02,-1.763810330073368737e+00,-4.613953111296762999e-01,5.982474813960326349e-02
-5.008029231959074679e-01,1.658437733750126375e+00,1.550412014007641337e-01,-1.883823480693491703e+00,-5.004172002740542302e-01,6.211543419481058842e-02
-5.349981289646191795e-01,1.681713165360459117e+00,2.472238306030889177e-01,-2.003076996890983619e+00,-5.345484762140665369e-01,6.424695348409845130e-02
-5.643715035329304186e-01,1.705707755233863754e+00,3.367384218743328383e-01,-2.120218168163394701e+00,-5.638621565108646871e-01,6.622770694295077032e-02
-5.895828452407818610e-01,1.731304607498206138e+00,4.214810045346908396e-01,-2.233985625909175710e+00,-5.890183807170128460e-01,6.805033182565377314e-02
-6.113963311692668379e-01,1.759166868581412135e+00,4.998452799590840101e-01,-2.343410246568342625e+00,-6.107809895407653178e-01,6.970557591913097151e-02
-6.304740438519169654e-01,1.789685170975574779e+00,5.708059423615278183e-01,-2.447845566101302328e+00,-6.298115596640877500e-01,7.118969400899163857e-02
-6.473325593340930606e-01,1.823011018413592366e+00,6.338262680618627076e-01,-2.546905741889698760e+00,-6.466262122230400644e-01,7.250580704965656209e-02
-6.623598518540526614e-01,1.859116187479938898e+00,6.887207063033010668e-01,-2.640384108603931690e+00,-6.616125803840402497e-01,7.366257260807246299e-02
-6.758448905191507539e-01,1.897848616786865783e+00,7.355351838445238766e-01,-2.728186509356954392e+00,-6.750594042571451681e-01,7.467229195418949306e-02
-6.880042968227911837e-01,1.938976113443430460e+00,7.744610638562137162e-01,-2.810286860103742512e+00,-6.871831660727023561e-01,7.554926062374102413e-02
-6.990029051676149852e-01,1.982218153526916993e+00,8.057790319785232969e-01,-2.886701371326129362e+00,-6.981486250113374536e-01,7.630852482576408469e-02
-7.089687936056003892e-01,2.027268478851596889e+00,8.298244248244343035e-01,-2.957475466353178817e+00,-7.080838247515509609e-01,7.696499504540656178e-02
-7.180040517120873655e-01,2.073811113082224988e+00,8.469663954291697383e-01,-3.022678271511802794e+00,-7.170908423086160832e-01,7.753283369918458068e-02
-7.261924170214296703e-01,2.121531720997686943e+00,8.575954753452462720e-01,-3.082401066916287569e+00,-7.252534098154697073e-01,7.802504915279061259e-02
-7.336046382297138901e-01,2.170125581958927352e+00,8.621160347498387777e-01,-3.136757411479872637e+00,-7.326422671784775797e-01,7.845324846631974991e-02
-7.403021915281926546e-01,2.219302995169320170e+00,8.609415355241257783e-01,-3.185883617614089669e+00,-7.393188714934409989e-01,7.882751482306303570e-02
-7.463398089583930251e-01,2.268792661278212108e+00,8.544913760709109685e-01,-3.229938893329236560e+00,-7.453379215258720825e-01,7.915638295725596629e-02
-7.517671601918975988e-01,2.318343435704247835e+00,8.431886758650328773e-01,-3.269104875016086709e+00,-7.507490380191323975e-01,7.944688967585095130e-02
-7.566299445034347926e-01,2.367724772871016459e+00,8.274586615742585138e-01,-3.303584514575618858e+00,-7.555978559595917243e-01,7.970467901748261308e-02
-7.609705858457260774e-01,2.416726141824613094e+00,8.077274810556123175e-01,-3.333600412141158209e+00,-7.599267211159160818e-01,7.993414397323464482e-02
-7.648286738257572548e-01,2.465155671016113992e+00,7.844213440959812988e-01,-3.359392737335671786e+00,-7.637751331454899484e-01,8.013858944519261507e-02
-7.682412533462442683e-01,2.512838262166704251e+00,7.579659067248591953e-01,-3.381216884139717216e+00,-7.671800376301977087e-01,8.032040417084083950e-02
-7.712430337851432505e-01,2.559613395234253908e+00,7.287858035680727653e-01,-3.399340976327830610e+00,-7.701760376226498561e-01,8.048123240696418434e-02
-7.738665636221566668e-01,2.605332827019901654e+00,6.973042065390814281e-01,-3.414043296777223180e+00,-7.727955704223357092e-01,8.062213893538230924e-02
-7.761423973563882361e-01,2.649858364507930997e+00,6.639422604794841254e-01,-3.425609666447065216e+00,-7.750690763238144987e-01,8.074376319403989144e-02
-7.780992673921743874e-01,2.693059870096565334e+00,6.291182274936443219e-01,-3.434330757128130962e+00,-7.770251719814214031e-01,8.084645993712105683e-02
-7.797642633523723665e-01,2.734813628230166938e+00,5.932461710348342354e-01,-3.440499294282064024e+00,-7.786908308686945057e-01,8.093042478956248564e-02
-7.811630142064170945e-01,2.775001169798735123e+00,5.567340364024442323e-01,-3.444407098848610183e+00,-7.800915662737250011e-01,8.099580348621504555e-02
-7.823198640919056812e-01,2.813508610414068301e+00,5.199810414978780493e-01,-3.446341933692208759e+00,-7.812516077834583683e-01,8.104278365137805584e-02
-7.832580304183599518e-01,2.850226511017547981e+00,4.833743804214030715e-01,-3.446584161357986176e+00,-7.821940599274047612e-01,8.107166790540194790e-02
-7.839997326000681666e-01,2.885050216464060568e+00,4.472853548270525614e-01,-3.445403279629270177e+00,-7.829410314056596265e-01,8.108292711623830973e-02
-7.845662814441091149e-01,2.917880575191708736e+00,4.120651668985184091e-01,-3.443054468729472184e+00,-7.835137249918115998e-01,8.107723294075809550e-02
-7.849781225732612722e-01,2.948624898970545694e+00,3.780407092026681348e-01,-3.439775342977471784e+00,-7.839324815339405728e-01,8.105546952610932776e-02
-7.852548318010044159e-01,2.977197994982452300e+00,3.455107447386829289e-01,-3.435783133345206686e+00,-7.842167759892947343e-01,8.101872533459590631e-02
-7.854150653439250229e-01,3.003523099973493427e+00,3.147428659290376074e-01,-3.431272522882319098e+00,-7.843851683712076417e-01,8.096826734672556147e-02
-7.854764722590243942e-01,3.027532569878630841e+00,2.859715488391199600e-01,-3.426414310549717790e+00,-7.844552169681967557e-01,8.090550112045188924e-02
-7.854555797135754913e-01,3.049168223831248969e+00,2.593974907017711495e-01,-3.421354997965016409e+00,-7.844433644021968632e-01,8.083192106206781025e-02
-7.853676631293672328e-01,3.068381299234500315e+00,2.351882613677621636e-01,-3.416217294479610533e+00,-7.843648085232026723e-01,8.074905559797952714e-02
-7.852266128324153494e-01,3.085132032671263680e+00,2.134801450576317428e-01,-3.411101439353209752e+00,-7.842333697315369001e-01,8.065841167212790819e-02
-7.850448069443932697e-01,3.099388929285731731e+00,1.943809260530597882e-01,-3.406087163492754755e+00,-7.840613644349810896e-01,8.056142222687857901e-02
-7.848329974939087794e-01,3.111127814400960201e+00,1.779732974124438871e-01,-3.401236067857558165e+00,-7.838594916035110938e-01,8.045939925599156217e-02
-7.846002137719674252e-01,3.120330774077270775e+00,1.643185481808715209e-01,-3.396594182919441707e+00,-7.836367364438460159e-01,8.035349387905374452e-02
-7.843536843446775597e-01,3.126985088744351771e+00,1.534602033570978408e-01,-3.392194488007020503e+00,-7.834002926152819901e-01,8.024466387557055436e-02
-7.840987771877488965e-01,3.131082250905149245e+00,1.454273375831225956e-01,-3.388059201628256467e+00,-7.831555024665175502e-01,8.013364835949901566e-02
-7.838389562246900200e-01,3.132617139500175618e+00,1.402373430725772918e-01,-3.384201694254287407e+00,-7.829058135933237850e-01,8.002094881873142440e-02
-7.835757520766027939e-01,3.131587404099188454e+00,1.378979928110157516e-01,-3.380627915905570546e+00,-7.826527495423515335e-01,7.990681557445968031e-02
-7.833087449218240073e-01,3.127993094277383701e+00,1.384086944715917089e-01,-3.377337267661522535e+00,-7.823958925736695935e-01,7.979123878133764780e-02
-7.830355578474391676e-01,3.121836554318640378e+00,1.417608764576514246e-01,-3.374322877443793445e+00,-7.821328768737753068e-01,7.967394332557635461e-02
-7.827518597895358754e-01,3.113122590457991112e+00,1.479374863768845028e-01,-3.371571267039912723e+00,-7.818593913202254164e-01,7.955438731918662576e-02
-7.824513779616132370e-01,3.101858906100133595e+00,1.569116177650187183e-01,-3.369061421797475919e+00,-7.815691916959957020e-01,7.943176427431780651e-02
-7.821259204297082990e-01,3.088056788365872940e+00,1.686443176476825623e-01,-3.366763299802913334e+00,-7.812541230056265773e-01,7.930500941545537419e-02
-7.817654100752994273e-01,3.071732015586887243e+00,1.830816698120301955e-01,-3.364635846480712456e+00,-7.809041531234582889e-01,7.917281089145608575e-02
-7.813579314457468339e-01,3.052905939240801558e+00,2.001512990093671229e-01,-3.362624615103046111e+00,-7.805074192602408090e-01,7.903362682110830206e-02
-7.808897917662080967e-01,3.031606675591318467e+00,2.197584992427913664e-01,-3.360659133381930452e+00,-7.800502885080548010e-01,7.888570907722106118e-02
-7.803455965232602987e-01,3.007870323724225692e+00,2.417822500920376039e-01,-3.358650198047120838e+00,-7.795174328620322335e-01,7.872713442020566610e-02
-7.797083384286092045e-01,2.981742111149426222e+00,2.660714391200952877e-01,-3.356487316844195767e+00,-7.788919175209845225e-01,7.855584298789013153e-02
-7.789594962499831743e-01,2.953277360463826273e+00,2.924416419990272242e-01,-3.354036541719945141e+00,-7.781552989562739997e-01,7.836968323397310032e-02
-7.780791371597601813e-01,2.922542175994224944e+00,3.206728095996678185e-01,-3.351138937993391131e+00,-7.772877264124180563e-01,7.816646125331089268e-02
-7.770460133230323585e-01,2.889613771940372278e+00,3.505081602938905361e-01,-3.347609903778631324e+00,-7.762680375850922188e-01,7.794399119184514113e-02
-7.758376410282733504e-01,2.854580404211131128e+00,3.816544720355932729e-01,-3.343239489047763247e+00,-7.750738368124397981e-01,7.770014233693978145e-02
-7.744303494046531622e-01,2.817540923008774012e+00,4.137838214997754949e-01,-3.337793770147362338e+00,-7.736815428602418221e-01,7.743287776924749621e-02
-7.727992861591052032e-01,2.778604023377059917e+00,4.465366498269957019e-01,-3.331017227940255232e+00,-7.720663937672218591e-01,7.714027933123683567e-02
-7.709183699214563479e-01,2.737887324221600416e+00,4.795258790287051931e-01,-3.322635976696761695e+00,-7.702023983610227775e-01,7.682055421099771853e-02
-7.687601823356505770e-01,2.695516440692148130e+00,5.123416927803816634e-01,-3.312361617135662240e+00,-7.680622275881108241e-01,7.647201957457587518e-02
-7.662957971573640670e-01,2.651624222145978482e+00,5.445565527719682386e-01,-3.299895454674543149e+00,-7.656170429035301650e-01,7.609306318795194812e-02
-7.634945472294373259e-01,2.606350306445532894e+00,5.757300521253686520e-01,-3.284932835839666776e+00,-7.628362625598923419e-01,7.568207956831027317e-02
-7.603237322112268437e-01,2.559841095827982027e+00,6.054132976700150603e-01,-3.267167403211823640e+00,-7.596872686283756559e-01,7.523738264538194775e-02
-7.567482694227917195e-01,2.512250199063366107e+00,6.331526378796225041e-01,-3.246295135789975195e+00,-7.561350570679696848e-01,7.475709706464320203e-02
-7.527302864536592475e-01,2.463739319143890771e+00,6.584926846707680470e-01,-3.222018108907670264e+00,-7.521418294586502684e-01,7.423903113951871302e-02
-7.482286467500117721e-01,2.414479503485249978e+00,6.809786919082529977e-01,-3.194047961042746575e+00,-7.476665176016622505e-01,7.368053519954820274e-02
-7.431983876727539240e-01,2.364652619321272908e+00,7.001584382391378147e-01,-3.162109085951010812e+00,-7.426642205045228540e-01,7.307834989345719789e-02
-7.375900337242623506e-01,2.314452871925351651e+00,7.155838145246429249e-01,-3.125941576862151905e+00,-7.370855165207972348e-01,7.242845009721010641e-02
-7.313487245969338968e-01,2.264088146222201114e+00,7.268123434004002403e-01,-3.085303940699641423e+00,-7.308755904261564629e-01,7.172589159559497607e-02
-7.244130667081042363e-01,2.213780920497846694e+00,7.334088735195827269e-01,-3.039975584922645968e+00,-7.239730842850887749e-01,7.096466970487665116e-02
-7.167135756031717264e-01,2.163768470642134734e+00,7.349477115721453346e-01,-2.989759071761067144e+00,-7.163085397403847754e-01,7.013760143262721958e-02
-7.081705218022650294e-01,2.114302049986376275e+00,7.310155033817531400e-01,-2.934482151756149459e+00,-7.078022446012958158e-01,6.923624549598972333e-02
-6.986909198712338842e-01,2.065644686553125275e+00,7.212152793229946734e-01,-2.873999651934888711e+00,-6.983612238387003623e-01,6.825087738319834951e-02
-6.881643036288760396e-01,2.018067175854480144e+00,7.051722756414210425e-01,-2.808195429979712276e+00,-6.878750182129194091e-01,6.717053954816321060e-02
-6.764568019348555783e-01,1.971841747320146832e+00,6.825424796411684314e-01,-2.736984846742892774e+00,-6.762097652132125214e-01,6.598318981375328462e-02
-6.634028632812358772e-01,1.927232725149762071e+00,6.530253797434392160e-01,-2.660318592294800055e+00,-6.631999305825477808e-01,6.467597423526554035e-02
-6.487937801194485488e-01,1.884483271569308505e+00,6.163831795650064338e-01,-2.578189257007721391e+00,-6.486368410442301391e-01,6.323565367393146897e-02
-6.323619919271974421e-01,1.843797002933877716e+00,5.724697394938074169e-01,-2.490642761636415070e+00,-6.322529962007048532e-01,6.164921350045662191e-02
-6.137602127168964028e-01,1.805313019869294600e+00,5.212734899142164036e-01,-2.397797509305708008e+00,-6.137012028115612639e-01,5.990467356135766724e-02
-5.925353935980005593e-01,1.769073083057878693e+00,4.629786424071442585e-01,-2.299874400756417803e+00,-5.925285365220213096e-01,5.799206381813817174e-02
-5.681012168487797886e-01,1.734981336561873144e+00,3.980458901058432364e-01,-2.197239345257880228e+00,-5.681488156808364165e-01,5.590437748783776833e-02
-5.397236914848665412e-01,1.702762425904297938e+00,3.273023782062607356e-01,-2.090453757374347354e+00,-5.398281335114666346e-01,5.363794661466254193e-02
-5.065612196905334708e-01,1.671936935344258357e+00,2.520027240669496238e-01,-1.980313163982436508e+00,-5.067247765380236135e-01,5.119101641590228374e-02
-4.678508656280790934e-01,1.641856087418984034e+00,1.737735807364155782e-01,-1.867827015266226853e+00,-4.680752118510427273e-01,4.855869845929784018e-02
-4.233728854798642915e-01,1.611855298769824696e+00,9.431596993923739569e-02,-1.754071595523296834e+00,-4.236582237768286019e-01,4.572399826808242612e-02
-3.741820846465166994e-01,1.581532173243404227e+00,1.484803920464489516e-02,-1.639903820290860681e+00,-3.745260541030177581e-01,4.265219787965283255e-02
-3.230455815526899754e-01,1.550953270055163369e+00,-6.432230493544507932e-02,-1.525734518301796072e+00,-3.234427302378941604e-01,3.930587598133921529e-02
-2.736690571344296830e-01,1.520463858235867161e+00,-1.434387911781830616e-01,-1.411699265645850243e+00,-2.741117690233961790e-01,3.568398129183730089e-02
-2.289927597610704746e-01,1.490186437127426045e+00,-2.223133844599456121e-01,-1.298148796625609780e+00,-2.294732510576874551e-01,3.184732324437800077e-02
-1.902198242500657277e-01,1.459764653843580229e+00,-2.998267712929883477e-01,-1.185894151414271125e+00,-1.907317301437828627e-01,2.789922998952620858e-02
-1.571617846872104263e-01,1.428539730638761496e+00,-3.742908248605623101e-01,-1.076012896758930859e+00,-1.577006192215381630e-01,2.394651163615470549e-02
-1.290160455450982957e-01,1.395845962569215004e+00,-4.440433058142136402e-01,-9.695413297658359575e-01,-1.295789250235474532e-01,2.007490487362066298e-02
-1.048886890424768070e-01,1.361186352999035343e+00,-5.077920577706529492e-01,-8.673020006773696222e-01,-1.054738666353332299e-01,1.634335084971004493e-02
-8.400562820134463426e-02,1.324276639436138270e+00,-5.646889350296322441e-01,-7.698740913559323218e-01,-8.461209782680918778e-02,1.278763714679695407e-02
-6.575591263847897772e-02,1.285021091688821615e+00,-6.142681238780447472e-01,-6.776331363818205444e-01,-6.638313217877180039e-02,9.426288915024064879e-03
-4.967358056970708202e-02,1.243467963254186293e+00,-6.563497263165872786e-01,-5.908055148854123306e-01,-5.032129252273157688e-02,6.265858360508936090e-03
-3.540586215248663071e-02,1.199766478241190759e+00,-6.909533127250599982e-01,-5.095141925765995783e-01,-3.607398032248933933e-02,3.304962984097710704e-03
-2.268396330621136325e-02,1.154132016450668319e+00,-7.182332350427869105e-01,-4.338104100703741306e-01,-2.337250140818088878e-02,5.371868366702434389e-04
-1.130014767877575432e-02,1.106819856959069925e+00,-7.384341520489021704e-01,-3.636932635427265192e-01,-1.200917406856752065e-02,-2.046877596095724328e-03
-1.090806794969690924e-03,1.058105980807697577e+00,-7.518617015908941603e-01,-2.991208343161229632e-01,-1.820415564615325554e-03,-4.458198602088764284e-03
8.075724957400713666e-03,1.008273283551846200e+00,-7.588634809993242136e-01,-2.400161412887406309e-01,7.325432458877029034e-03,-6.708305336589165738e-03
1.630782921738343008e-02,9.576018782005871754e-01,-7.598167069719140576e-01,-1.862702894257036446e-01,1.553675607186771369e-02,-8.808597654022271711e-03
2.369671026803183214e-02,9.063625281477332152e-01,-7.551201118631649667e-01,-1.377443429594676083e-01,2.290477115097077493e-02,-1.076988542715016581e-02
3.032067920366429345e-02,8.548125170190696842e-01,-7.451885277790022410e-01,-9.427081267919555640e-02,2.950780447453359157e-02,-1.260210260512713114e-02
3.624815128952459803e-02,8.031934337713523275e-01,-7.304492085007293634e-01,-5.565521214712407239e-02,3.541428897280803761e-02,-1.431415641639672415e-02
4.153974691407796849e-02,7.517304533508634146e-01,-7.113393070096767357e-01,-2.167786746731398262e-02,4.068486322910741526e-02,-1.591388120538186554e-02
4.624977907420513984e-02,7.006327526457186705e-01,-6.883041316597902082e-01,7.903983667887796993e-03,4.537385797555310712e-02,-1.740807226493355439e-02
5.042733035448863227e-02,6.500947377692599671e-01,-6.617959015474317308e-01,3.335383162844601790e-02,4.953037241149294001e-02,-1.880257929916964721e-02
5.411706237379342727e-02,6.002977839711224339e-01,-6.322727519100923566e-01,5.495330843447558677e-02,5.319908322376132315e-02,-2.010244254989771232e-02
5.735985550523976795e-02,5.514122108613098705e-01,-6.001977339627759811e-01,7.299938465171657009e-02,5.642088404650753841e-02,-2.131205734862645987e-02
6.019334268319823794e-02,5.035992379889220327e-01,-5.660375352899352785e-01,8.780131979142626053e-02,5.923341912412875832e-02,-2.243535488630551272e-02
6.265237562533530757e-02,4.570126935026385118e-01,-5.302606389552707578e-01,9.967730164187452169e-02,6.167154946930918785e-02,-2.347598827016265238e-02
6.476944286572600129e-02,4.118002862805359432e-01,-4.933346623110041462e-01,1.089506953990212884e-01,6.376777088757365486e-02,-2.443751351970707350e-02
6.657504528199258143e-02,3.681043039526807892e-01,-4.557226868720937185e-01,1.159458417233802524e-01,6.555258953611323158e-02,-2.532355528868877187e-02
6.809802553072777376e-02,3.260616680508725551e-01,-4.178785170852990505e-01,1.209834004723868567e-01,6.705485142343103888e-02,-2.613794722933603792e-02
6.936584264002447486e-02,2.858033610700367877e-01,-3.802409825667151799e-01,1.243753306338715586e-01,6.830201709629704632e-02,-2.688483760472180559e-02
7.040478179166223538e-02,2.474533301015001963e-01,-3.432276008555231184e-01,1.264197113024356223e-01,6.932037154722049677e-02,-2.756875253181111096e-02
7.124009175407459982e-02,2.111270532060119665e-01,-3.072281038683578047e-01,1.273957162899740647e-01,7.013516180472040284e-02,-2.819461237580010715e-02
7.189604773793056847e-02,1.769300100990916502e-01,-2.725984511397484544e-01,1.275591238052330711e-01,7.077065997765918937e-02,-2.876770114997760988e-02
7.239594430489280918e-02,1.449563132173761759e-01,-2.396559656882882583e-01,1.271387458001929371e-01,7.125015638042270227e-02,-2.929359364899374388e-02
7.276202965483090368e-02,1.152877232840108096e-01,-2.086761193815796500e-01,1.263340890246784642e-01,7.159589405684770036e-02,-2.977804947034379951e-02
7.301539751280991530e-02,8.799320218813450056e-02,-1.798912845192117138e-01,1.253144239950119143e-01,7.182896091401824723e-02,-3.022688607407306507e-02
7.317585488336265931e-02,6.312906324314748741e-02,-1.534915069971954371e-01,1.242192704184022500e-01,7.196915772205154938e-02,-3.064584397327743334e-02
7.326178296448844496e-02,4.073968701784210639e-02,-1.296271052118702916e-01,1.231601471035674022e-01,7.203485926167116360e-02,-3.104045599491102661e-02
7.329000516935897658e-02,2.085869895381271821e-02,-1.084127090625010420e-01,1.222233137845792073e-01,7.204288255928587015e-02,-3.141592980458376982e-02
7.327567161486325809e-02,3.510463196545333953e-03,-8.993225154176677505e-02,1.214731686281251832e-01,7.200837156377869197e-02,-3.177704936246767559e-02
7.323216475871482944e-02,-1.128826404433995109e-02,-7.424441058405016614e-02,1.209559579550263525e-01,7.194470294530214138e-02,-3.212809748890526479e-02
7.317102695449598238e-02,-2.352666551502733197e-02,-6.138805028609688880e-02,1.207034904890723348e-01,7.186341378704522165e-02,-3.247279886509914920e-02
7.310190796889687315e-02,-3.319829548738566227e-02,-5.138729933005330847e-02,1.207366084707258008e-01,7.177414921799069036e-02,-3.281428086454115517e-02
7.303252900796762537e-02,-4.029969976370832707e-02,-4.425600339992108445e-02,1.210682346496346623e-01,7.168462653845708576e-02,-3.315504862056432855e-02
7.296865932947510514e-02,-4.482927999663199187e-02,-4.000137828334987544e-02,1.217058748605070739e-01,7.160061192084740678e-02,-3.349697052931270569e-02
7.291410178416697641e-02,-4.678643618021832012e-02,-3.862676096830474498e-02,1.226535038452110232e-01,7.152590603340361342e-02,-3.384127074492105508e-02
7.287068435162365188e-02,-4.617100516475576566e-02,-4.013340481680394145e-02,1.239127954767218071e-01,7.146233565680977506e-02,-3.418852593518360850e-02
7.283825570526501758e-02,-4.298300328294274442e-02,-4.452129449342231982e-02,1.254836792910183352e-01,7.140974933118701684e-02,-3.453866447121738820e-02
7.281468392199945405e-02,-3.722267582417514153e-02,-5.178897239421138832e-02,1.273642169615158970e-01,7.136601615049839586e-02,-3.489096722000697287e-02
7.279585857151810169e-02,-2.889085283780120847e-02,-6.193237792318729423e-02,1.295497997396052314e-01,7.132702793924036722e-02,-3.524407013510186953e-02
7.277569753551381415e-02,-1.798960709229762214e-02,-7.494271165716262506e-02,1.320316759627359893e-01,7.128670615973196900e-02,-3.559596986134239138e-02
7.274616097114566804e-02,-4.523203494242084705e-03,-9.080335572460157545e-02,1.347948314858678498e-01,7.123701596035636463e-02,-3.594403454421793431e-02
7.269727576032539162e-02,1.150068235606845242e-02,-1.094859164345390323e-01,1.378152698530423770e-01,7.116799070029335150e-02,-3.628502289463370056e-02
7.261717442438250791e-02,3.006951715434150532e-02,-1.309455104466622222e-01,1.410567765654530958e-01,7.106777092227821446e-02,-3.661511518764081624e-02
7.249215259994731819e-02,5.116430060365942389e-02,-1.551154932205552894e-01,1.444673039859096231e-01,7.092266185959127112e-02,-3.692996009307785571e-02
7.230674847118942483e-02,7.475789099347437960e-02,-1.819019238897994495e-01,1.479751774518009988e-01,7.071721286193899392e-02,-3.722474082594162681e-02
7.204384574161375177e-02,1.008133946782559243e-01,-2.111781615368313880e-01,1.514853908470883415e-01,7.043432031335550292e-02,-3.749426284496629874e-02
7.168479863163940147e-02,1.292827734898652214e-01,-2.427800721624548408e-01,1.548763169387419592e-01,7.005535252036128313e-02,-3.773306308677815829e-02
7.120957311139131107e-02,1.601058320173101568e-01,-2.765023642660506265e-01,1.579971853155155981e-01,6.956029077577591258e-02,-3.793553756703439694e-02
7.059689364687632418e-02,1.932097273731685771e-01,-3.120965343718024587e-01,1.606666597497333482e-01,6.892787587789322989e-02,-3.809608047428584415e-02
6.982438012801295280e-02,2.285090916050941390e-01,-3.492707735693945659e-01,1.626727653763823112e-01,6.813574478134626355e-02,-3.820922431045899181e-02
6.886865661637267544e-02,2.659067738462111974e-01,-3.876919668894903137e-01,1.637742773046481637e-01,6.716053903104771128e-02,-3.826976807681470305e-02
6.770541325589464476e-02,3.052951088409922575e-01,-4.269896435241671839e-01,1.637035081827898364e-01,6.597796633940473943e-02,-3.827287978361570281e-02
6.630940571213279899e-02,3.465575224442908331e-01,-4.667614664564418425e-01,1.621702603779620055e-01,6.456279968918218759e-02,-3.821416110226460994e-02
6.465438250904323447e-02,3.895702168890015638e-01,-5.065796505264121841e-01,1.588665803439261170e-01,6.288880434378801842e-02,-3.808966558870652275e-02
6.271293836811650535e-02,4.342036563063184085e-01,-5.459976167507636369e-01,1.534718987891726116e-01,6.092859087529584744e-02,-3.789586679018096954e-02
6.045629934449263387e-02,4.803236005467768077e-01,-5.845562411855665941e-01,1.456581682610678941e-01,5.865340000151521294e-02,-3.762957758139160586e-02
5.785405146668197440e-02,5.277915035317715109e-01,-6.217892141612032519e-01,1.350947033152547216e-01,5.603283092696299122e-02,-3.728782622506202765e-02
5.487382750638482992e-02,5.764641830959761348e-01,-6.572272403855825562e-01,1.214525550550118044e-01,5.303452779611880080e-02,-3.686769731118212656e-02
5.148096588797894391e-02,6.261927631445323161e-01,-6.904010272855236607e-01,1.044083759428700159e-01,4.962383824722291920e-02,-3.636614685468490121e-02
4.763815153604554486e-02,6.768209714442275926e-01,-7.208431857316414115e-01,8.364782501348691501e-02,4.576345384393849108e-02,-3.577980083882059681e-02
4.330504071859082871e-02,7.281829406582804864e-01,-7.480892826730554113e-01,5.886861413636975543e-02,4.141303442500485210e-02,-3.510474602654706927e-02
3.843786050752973082e-02,7.801007063790762475e-01,-7.716783378664382465e-01,2.978330203740822690e-02,3.652880698223150147e-02,-3.433632156200890767e-02
3.298895773983002294e-02,8.323816281186812160e-01,-7.911530589775480626e-01,-3.878087196264498257e-03,3.106311394754810926e-02,-3.346892021357859154e-02
2.690625124023254822e-02,8.848159828752907297e-01,-8.060600792605321363e-01,-4.236559720861780148e-02,2.496386465739910965e-02,-3.249580929023320602e-02
2.013251310164607469e-02,9.371750005708677778e-01,-8.159504194406047572e-01,-8.590706070092105073e-02,1.817381580852982584e-02,-3.140898327364226306e-02
1.260436833260836220e-02,9.892096294534332701e-01,-8.203803595339869137e-01,-1.347060980593618451e-01,1.062957024207528828e-02,-3.019906283843419581e-02
4.250855382984551623e-03,1.040650339822484893e+00,-8.189128970785427564e-01,-1.889405093787469014e-01,2.260136601066810736e-03,-2.885525787679997858e-02
-5.008668975371128457e-03,1.091208299646150293e+00,-8.111200097834417866e-01,-2.487611571974140401e-01,-7.015166627226505740e-03,-2.736541515288972923e-02
-1.526757044452057080e-02,1.140578293324528758e+00,-7.965860665341040203e-01,-3.142913466456111471e-01,-1.728975268798280465e-02,-2.571617433230519514e-02
-2.663630427128056699e-02,1.188443820286568142e+00,-7.749129905725037348e-01,-3.856265124884459272e-01,-2.867413434000170083e-02,-2.389326003105776350e-02
-3.924859839790576649e-02,1.234484929882130100e+00,-7.457282446179286373e-01,-4.628336718789105575e-01,-4.130210765089523811e-02,-2.188194389849234395e-02
-5.327006436709824655e-02,1.278389561746307912e+00,-7.086974759642741262e-01,-5.459495374771391463e-01,-5.533936349122096227e-02,-1.966772265287251159e-02
-6.890994624048897566e-02,1.319869506815925186e+00,-6.635448307284859126e-01,-6.349753445470860402e-01,-7.099523695989119754e-02,-1.723727982514892954e-02
-8.643666022658930137e-02,1.358682582851098442e+00,-6.100855362516243163e-01,-7.298653088644030396e-01,-8.853824726759272623e-02,-1.457983520248211547e-02
-1.061971483368155666e-01,1.394663059813852524e+00,-5.482770108044732194e-01,-8.305043816807328172e-01,-1.083154508598203891e-01,-1.168903653911731490e-02
-1.286376887430689675e-01,1.427762108371383842e+00,-4.782950465110638594e-01,-9.366704027439024527e-01,-1.307732490952776827e-01,-8.565595758790478867e-03
-1.543166427760621906e-01,1.458097224277181470e+00,-4.006364252233207690e-01,-1.047978183417139109e+00,-1.564701273983238050e-01,-5.220852560960262401e-03
-1.838811574198306875e-01,1.486000225489469306e+00,-3.162297960969878696e-01,-1.163813519196491342e+00,-1.860533388137241007e-01,-1.681196275160724753e-03
-2.179419089893035455e-01,1.512032424144342579e+00,-2.264911735259496350e-01,-1.283290323045845893e+00,-2.201336084791036540e-01,2.007527869655510201e-03
-2.567379842401079637e-01,1.536908569313036432e+00,-1.331997326611605859e-01,-1.405298797842221559e+00,-2.589499496551107560e-01,5.778174791166646590e-03
-2.995585601396633657e-01,1.561289245135331516e+00,-3.809901016305689003e-02,-1.528701271379621085e+00,-3.017912770111303433e-01,9.547391052913150114e-03
-3.442986148662809942e-01,1.585557549558204826e+00,5.755880393345148838e-02,-1.652572284686794735e+00,-3.465521348268071899e-01,1.323019917287110089e-02
-3.879397253762894571e-01,1.609871400048919154e+00,1.529442865402703411e-01,-1.776186414158936522e+00,-3.902136655357221207e-01,1.675729486972970736e-02
-4.279335625024016099e-01,1.634514034587613907e+00,2.469961933539938093e-01,-1.898712341326858066e+00,-4.302273053162355421e-01,2.008191945376170892e-02
-4.631320386516838972e-01,1.660092709304510139e+00,3.380604280387293215e-01,-2.019050701038762163e+00,-4.654449582928454343e-01,2.317520216287027868e-02
-4.935852716281022845e-01,1.687374711930649696e+00,4.242342596689158141e-01,-2.136020359010020631e+00,-4.959168455852512869e-01,2.602065832772042925e-02
-5.198973007213891773e-01,1.717027662713429326e+00,5.038784006205115906e-01,-2.248616772100468619e+00,-5.222471225319296195e-01,2.861214306117461359e-02
-5.427732474992441603e-01,1.749485203338366324e+00,5.758600661156121348e-01,-2.356122260600453711e+00,-5.451410060135164493e-01,3.095265306344428466e-02
-5.628326638857311659e-01,1.784938239633578672e+00,6.395408467183046897e-01,-2.458083101252547475e+00,-5.652181247709091583e-01,3.305238566800088040e-02
-5.805681918836629318e-01,1.823382112599842841e+00,6.946609443176589016e-01,-2.554237712538732108e+00,-5.829711890541248165e-01,3.492643311529500944e-02
-5.963576217210280195e-01,1.864672833586178635e+00,7.412178592651278430e-01,-2.644448574614910008e+00,-5.987780559932054381e-01,3.659272816551598778e-02
-6.104884029925153888e-01,1.908574574806893631e+00,7.793735527582145162e-01,-2.728654541289018631e+00,-6.129262438170522964e-01,3.807047172415159442e-02
-6.231807734205936367e-01,1.954795394284676080e+00,8.093923609418030019e-01,-2.806842775257626155e+00,-6.256360605978675826e-01,3.937901016718706876e-02
-6.346061908863622758e-01,2.003013062689789514e+00,8.316022439823005374e-01,-2.879034607707839477e+00,-6.370790344629695401e-01,4.053705464562400163e-02
-6.449011125830803604e-01,2.052893559663118150e+00,8.463714071997882060e-01,-2.945279788363734497e+00,-6.473916901525486045e-01,4.156214669175373883e-02
-6.541769796952223714e-01,2.104104274243959516e+00,8.540943146937703956e-01,-3.005655084320489223e+00,-6.566855310498342924e-01,4.247030537321874744e-02
-6.625273029366353095e-01,2.156323286578154974e+00,8.551831978698154479e-01,-3.060264646095728569e+00,-6.650541224806574281e-01,4.327581550455286002e-02
-6.700325956141010009e-01,2.209245624759855531e+00,8.500627207280033737e-01,-3.109240657564853461e+00,-6.725780231964965106e-01,4.399112998263059876e-02
-6.767637400904464862e-01,2.262587098375492989e+00,8.391664883479337256e-01,-3.152743530110727388e+00,-6.793281509919656402e-01,4.462686516896625238e-02
-6.827842391162496360e-01,2.316086154303339306e+00,8.229347068078123328e-01,-3.190961372202614665e+00,-6.853680338790950621e-01,4.519187027339725826e-02
-6.881516964973681816e-01,2.369504124287782787e+00,8.018126523697979291e-01,-3.224108741549172930e+00,-6.907552911629568637e-01,4.569335268627412044e-02
-6.929187861082672928e-01,2.422624197699986937e+00,7.762497819140642408e-01,-3.252424826790080825e+00,-6.955426032722019647e-01,4.613704260060665779e-02
-6.971338995011713280e-01,2.475249433268668753e+00,7.466993799559179523e-01,-3.276171251532116635e+00,-6.997783604369595123e-01,4.652738247063777088e-02
-7.008416072872742930e-01,2.527200109212836221e+00,7.136186315261238144e-01,-3.295629675712988149e+00,-7.035071252527564933e-01,4.686772966697855258e-02
-7.040830260855989176e-01,2.578310698290133818e+00,6.774689614917512870e-01,-3.311099310394373330e+00,-7.067700008190983541e-01,4.716056364878577767e-02
-7.068961494187411265e-01,2.628426742138095129e+00,6.387164087414842761e-01,-3.322894380220204003e+00,-7.096049627581559882e-01,4.740769159093556617e-02
-7.093161756921685379e-01,2.677401887256347646e+00,5.978317253860861991e-01,-3.331341479134765304e+00,-7.120471882068638569e-01,4.761044828813447427e-02
-7.113758475021928485e-01,2.725095330143165739e+00,5.552898265033455738e-01,-3.336776686087029820e+00,-7.141293960091852355e-01,4.776988707651206451e-02
-7.131058023456772199e-01,2.771369895275839657e+00,5.115681893884229670e-01,-3.339542256485877214e+00,-7.158821981818518365e-01,4.788695842626031207e-02
-7.145349241869005663e-01,2.816090927935090082e+00,4.671438403468990419e-01,-3.339982701048918923e+00,-7.173344521215925251e-01,4.796267194715483906e-02
-7.156906777841819389e-01,2.859126115425056458e+00,4.224886959084718785e-01,-3.338440122201244087e+00,-7.185135954756751708e-01,4.799823623426597435e-02
-7.165994034039662175e-01,2.900346250855230235e+00,3.780632526215911837e-01,-3.335248804723373262e+00,-7.194459413243342594e-01,4.799516990200192873e-02
-7.172865492158311262e-01,2.939626829344780035e+00,3.343089247807914388e-01,-3.330729238441001439e+00,-7.201569109869608853e-01,4.795537704659136313e-02
-7.177768228343958112e-01,2.976850236773135983e+00,2.916396551400965986e-01,-3.325181949314368168e+00,-7.206711859310246382e-01,4.788118184076031736e-02
-7.180942519462398810e-01,3.011908186562047618e+00,2.504336834865603656e-01,-3.318881675649670182e+00,-7.210127687279410669e-01,4.777532017421295962e-02
-7.182621552907044737e-01,3.044704012327796860e+00,2.110264637471427063e-01,-3.312072491326151447e+00,-7.212049543243045369e-01,4.764089075385220112e-02
-7.183030368942473487e-01,3.075154452990436216e+00,1.737056201456314009e-01,-3.304964413783072708e+00,-7.212702245231263909e-01,4.748127282876326433e-02
-7.182384254947214997e-01,3.103190668251281092e+00,1.387085396940821169e-01,-3.297731848193323323e+00,-7.212300876048609588e-01,4.730002143325896108e-02
-7.180886854037017430e-01,3.128758368709752435e+00,1.062227898139856685e-01,-3.290513959587106907e+00,-7.211048893312546060e-01,4.710075275038763665e-02
-7.178728240773265545e-01,3.151817096007901053e+00,7.638913765422564173e-02,-3.283416802496826215e+00,-7.209136206010537951e-01,4.688703156682990508e-02
-7.176083164624204036e-01,3.172338807577512743e+00,4.930663163624322137e-02,-3.276516836904731278e+00,-7.206737418273269080e-01,4.666227024029345055e-02
-7.173109588012355209e-01,3.190305987305960489e+00,2.503903996565423618e-02,-3.269865354814640135e+00,-7.204010367265961667e-01,4.642964503377411400e-02
-7.169947571339509995e-01,3.205709516672321957e+00,3.621925203304472880e-03,-3.263493333943130459e+00,-7.201095007682472016e-01,4.619203205917533223e-02
-7.166718497351012296e-01,3.218546513827907241e+00,-1.493027068338206170e-02,-3.257416298915716268e+00,-7.198112635306068707e-01,4.595196212994536594e-02
-7.163524588040889318e-01,3.228818299426937433e+00,-3.061760376949607815e-02,-3.251638871447290580e+00,-7.195165402935935761e-01,4.571159187577598232e-02
-7.160448648326808163e-01,3.236528594640343037e+00,-4.344877900916752772e-02,-3.246158798359763953e+00,-7.192336062992424894e-01,4.547268751224423783e-02
-7.157553967240999349e-01,3.241682010029623751e+00,-5.343624540302650133e-02,-3.240970339290513813e+00,-7.189687867613629990e-01,4.523661747539531319e-02
-7.154884313621693304e-01,3.244282849181130857e+00,-6.059230328591740100e-02,-3.236066964882359454e+00,-7.187264563276172247e-01,4.500435045441034815e-02
-7.152463974283215231e-01,3.244334229075644505e+00,-6.492622706334826022e-02,-3.231443359722686370e+00,-7.185090427950105996e-01,4.477645594311073507e-02
-7.150297794988553779e-01,3.241837508390680078e+00,-6.644237559537591320e-02,-3.227096745719848503e+00,-7.183170311129456476e-01,4.455310511183543931e-02
-7.148371196415775897e-01,3.236792012574975619e+00,-6.513925639351103580e-02,-3.223027546332514426e+00,-7.181489648935954762e-01,4.433407047844890175e-02
-7.146650148102106082e-01,3.229195047770580640e+00,-6.100952037670073769e-02,-3.219239405708323343e+00,-7.180014437276699413e-01,4.411872349471782084e-02
-7.145081093281772100e-01,3.219042201942196701e+00,-5.404088345031179963e-02,-3.215738564482298667e+00,-7.178691155961252068e-01,4.390602976714461092e-02
-7.143590827254220343e-01,3.206327938642572040e+00,-4.421799275268975538e-02,-3.212532580387575276e+00,-7.177446646398027985e-01,4.369454222770605134e-02
-7.142086342190260284e-01,3.191046494519085286e+00,-3.152527241467713987e-02,-3.209628371459212648e+00,-7.176187955755596315e-01,4.348239319502356093e-02
-7.140454662680046916e-01,3.173193093604996129e+00,-1.595078896207074992e-02,-3.207029557297591538e+00,-7.174802171866677680e-01,4.326728694734918723e-02
-7.138562708900525466e-01,3.152765486947508133e+00,2.508838079149405126e-03,-3.204733085050488040e+00,-7.173156285722946945e-01,4.304649516742610482e-02
-7.136257237151837352e-01,3.129765812211467768e+00,2.384249824131206424e-02,-3.202725157416521640e+00,-7.171097131278586501e-01,4.281685837263517203e-02
-7.133364918421680745e-01,3.104202741727964732e+00,4.801772352743591266e-02,-3.200976535609383777e+00,-7.168451463189436934e-01,4.257479710141543611e-02
-7.129692620592232855e-01,3.076093847419631100e+00,7.497311511339405099e-02,-3.199437373975446253e+00,-7.165026238071658948e-01,4.231633699358471751e-02
-7.125027953244119638e-01,3.045468058482492246e+00,1.046104474520697381e-01,-3.198031852278174103e+00,-7.160609158207361657e-01,4.203715169970044518e-02
-7.119140109323219834e-01,3.012368029091686772e+00,1.367870168436950418e-01,-3.196652994381638635e+00,-7.154969511941573490e-01,4.173262646364644252e-02
-7.111780990234862765e-01,2.976852181887586823e+00,1.713089677305777714e-01,-3.195158173436301929e+00,-7.147859297320355854e-01,4.139794298414931767e-02
-7.102686530041354418e-01,2.938996167931653414e+00,2.079264237496740719e-01,-3.193365867329989172e+00,-7.139014544636992365e-01,4.102818273581180369e-02
-7.091578048519239230e-01,2.898893506326943204e+00,2.463312102618751276e-01,-3.191054204111431147e+00,-7.128156667636350585e-01,4.061844167055366633e-02
-7.078163379819801815e-01,2.856655251034906584e+00,2.861577372294139554e-01,-3.187961697374444903e+00,-7.114993590112177468e-01,4.016394495101245632e-02
-7.062137467937629198e-01,2.812408675664697100e+00,3.269872199277846780e-01,-3.183790319020967541e+00,-7.099220339086279585e-01,3.966014726016059422e-02
-7.043182114760263568e-01,2.766295142947342800e+00,3.683549193978251091e-01,-3.178210736206939391e+00,-7.080518790318023337e-01,3.910280342601225173e-02
-7.020964620705821835e-01,2.718467488957267975e+00,4.097596087360929062e-01,-3.170869230172245423e+00,-7.058556306122976132e-01,3.848799619489515905e-02
-6.995135160704182287e-01,2.669087354332134066e+00,4.506741507506747957e-01,-3.161395603463314163e+00,-7.032983108238329839e-01,3.781211267086850847e-02
-6.965322859056249927e-01,2.618322904289457131e+00,4.905559972747948749e-01,-3.149411325618208135e+00,-7.003428349283030707e-01,3.707176703155584674e-02
